strain	country	date
hRSV/A/Spain/GA-SCQ_110054/2024|EPI_ISL_18954890|2024-01-16	Spain	2024-01-16
hRSV/A/Italy/LIG-0602-1/2024|EPI_ISL_19028667|2024-02-06	Italy	2024-02-06
hRSV/A/USA/MN-MDH-00825/2024|EPI_ISL_19230605|2024-01-29	USA	2024-01-29
hRSV/A/France/BFC-RELAB-IPP02427/2024|EPI_ISL_18985887|2024-01-27	France	2024-01-27
hRSV/A/USA/TX-BCM-217085/2024|EPI_ISL_19159486|2024-01-03	USA	2024-01-03
hRSV/A/South_Africa/NICD-R03091/2024|EPI_ISL_19220694|2024-04-23	South Africa	2024-04-23
hRSV/A/Chile/MA-49584/2024|EPI_ISL_19360749|2024-06-18	Chile	2024-06-18
hRSV/A/England/UKHSA_RVU_1200982/2024|EPI_ISL_19060234|2024-03-14	England	2024-03-14
hRSV/A/China/YN-TPRI-1043622/2024|EPI_ISL_19179714|2024-03-01	China	2024-03-01
hRSV/A/South_Africa/NICD-R01826/2024|EPI_ISL_19220789|2024-03-11	South Africa	2024-03-11
hRSV/A/England/RE19003271/2019|EPI_ISL_1834169|2019-12-17	England	2019-12-17
hRSV/A/South_Africa/UMC-270102041/2019|EPI_ISL_19048204|2019-04-17	South Africa	2019-04-17
hRSV/A/South_Africa/UMC-270102009/2019|EPI_ISL_19049276|2019-02-26	South Africa	2019-02-26
hRSV/A/Canada/un-UMC-010103025/2019|EPI_ISL_19049185|2019-12-14	Canada	2019-12-14
hRSV/A/USA/WA-BBI-S23294/2019|EPI_ISL_18143623|2019-12-29	USA	2019-12-29
hRSV/A/France/ARA-HCL019215593201/2019|EPI_ISL_18789030|2019-12-15	France	2019-12-15
hRSV/A/England/RE19003140/2019|EPI_ISL_1647398|2019-11-04	England	2019-11-04
hRSV/A/Spain/CT-HUVH-140890/2019|EPI_ISL_18682357|2019-11-23	Spain	2019-11-23
hRSV/A/Canada/un-UMC-010203012/2019|EPI_ISL_19049046|2019-12-05	Canada	2019-12-05
hRSV/A/England/RE19003148/2019|EPI_ISL_1647401|2019-11-20	England	2019-11-20
hRSV/A/USA/WA-BBI-S25199/2020|EPI_ISL_19125783|2020-02-04	USA	2020-02-04
hRSV/A/Russia/un-UMC-070103019/2020|EPI_ISL_19048071|2020-02-04	Russia	2020-02-04
hRSV/A/England/214061276/2021|EPI_ISL_16714544|2021-10-06	England	2021-10-06
hRSV/A/Australia/un-UMC-610103007/2020|EPI_ISL_19049236|2020-11-08	Australia	2020-11-08
hRSV/A/Australia/3002687/2021|EPI_ISL_2839404|2021-01-01	Australia	2021-01-01
hRSV/A/New_Zealand/IESR-VR0529/2021|EPI_ISL_16959638|2021-06-14	New Zealand	2021-06-14
hRSV/A/Scotland/WoSSVC-EXP_15_04/2021|EPI_ISL_18277077|2021-09	Scotland	XXXX-XX-XX
hRSV/A/Spain/CT-HUVH-658578/2021|EPI_ISL_18682118|2021-10-27	Spain	2021-10-27
hRSV/A/France/ARA-HCL020017967701/2020|EPI_ISL_18789131|2020-01-29	France	2020-01-29
hRSV/A/Australia/1011044/2020|EPI_ISL_2839438|2020-12-01	Australia	2020-12-01
hRSV/A/USA/WA-BBI-S24989/2020|EPI_ISL_19006881|2020-01-16	USA	2020-01-16
hRSV/A/Australia/VIC-MMC099/2021|EPI_ISL_2543781|2021-01-18	Australia	2021-01-18
hRSV/A/USA/WA-BBI-S23345/2020|EPI_ISL_18143639|2020-01-23	USA	2020-01-23
hRSV/A/USA/WA-BBI-S23340/2020|EPI_ISL_18143654|2020-01-19	USA	2020-01-19
hRSV/A/Germany/BW-22-00946/2021|EPI_ISL_17995745|2021-10-26	Germany	2021-10-26
hRSV/A/Italy/SIC-15_03/2020|EPI_ISL_19063396|2020-01-13	Italy	2020-01-13
hRSV/A/Australia/WM3302850/2020|EPI_ISL_2839244|2020-11-25	Australia	2020-11-25
hRSV/A/Argentina/HNRG-448/2021|EPI_ISL_15055325|2021-07-19	Argentina	2021-07-19
hRSV/A/Kuwait/KUNIV-41556/2021|EPI_ISL_18851838|2021-10-19	Kuwait	2021-10-19
hRSV/A/New_Zealand/IESR-VR1283/2021|EPI_ISL_16959999|2021-07-23	New Zealand	2021-07-23
hRSV/A/USA/CA-IVY-D13J37B4/2022|EPI_ISL_17368009|2022-10-23	USA	2022-10-23
hRSV/A/New_Zealand/IESR-VR3796/2022|EPI_ISL_19207321|2022-07-17	New Zealand	2022-07-17
hRSV/A/England/UKHSA_RVU_3000951/2023|EPI_ISL_19291624|2023-12-13	England	2023-12-13
hRSV/A/Spain/CT-HUVH-916110/2022|EPI_ISL_18682211|2022-02-22	Spain	2022-02-22
hRSV/A/South_Africa/NICD-R03470/2022|EPI_ISL_12870553|2022-03-11	South Africa	2022-03-11
hRSV/A/France/PAC-HCL023189293901/2023|EPI_ISL_19281570|2023-11-27	France	2023-11-27
hRSV/A/USA/MN-MDH-00180/2023|EPI_ISL_18955110|2023-12-03	USA	2023-12-03
hRSV/A/Canada/ON-KHS-04773-v1/2022|EPI_ISL_19320876|2022-12-05	Canada	2022-12-05
hRSV/a/Slovakia/1342/2023|EPI_ISL_17481635|2023-02-07	Slovakia	2023-02-07
hRSV/A/France/BRE-RELAB-IPP29653/2023|EPI_ISL_18829063|2023-11-20	France	2023-11-20
hRSV/A/USA/OR-BBI-S24494/2023|EPI_ISL_18845944|2023-11-02	USA	2023-11-02
hRSV/A/England/5060138/2022|EPI_ISL_17276542|2022-12-07	England	2022-12-07
hRSV/A/Australia/VIC-RCH0048/2023|EPI_ISL_18668201|2023-04-30	Australia	2023-04-30
hRSV/A/England/UKHSA_RVU_4740230/2023|EPI_ISL_18717644|2023-11-17	England	2023-11-17
hRSV/A/Canary_Islands/HUNSC_ITER_150432016/2023|EPI_ISL_18810692|2023-11-30	Canary Islands	2023-11-30
hRSV/A/England/UKHSA_RVU_2004975/2022|EPI_ISL_19259195|2022-11-20	England	2022-11-20
hRSV/A/New_Zealand/IESR-VR3628/2022|EPI_ISL_19206707|2022-07-17	New Zealand	2022-07-17
hRSV/A/France/BRE-RELAB-IPP29684/2023|EPI_ISL_18829083|2023-11-21	France	2023-11-21
hRSV/A/Brazil/ES-FIOCRUZ-11449/2022|EPI_ISL_15895040|2022-04-25	Brazil	2022-04-25
hRSV/A/USA/WA-BBI-S23768/2022|EPI_ISL_18387943|2022-12-06	USA	2022-12-06
hRSV/A/Ecuador/GSB-0219-70/2024|EPI_ISL_19005009|2024-02-02	Ecuador	2024-02-02
hRSV/A/Peru/LIM-UPCH-4347/2024|EPI_ISL_19173807|2024-04-01	Peru	2024-04-01
hRSV/A/Brazil/SP-IAL-357745917/2024|EPI_ISL_19232709|2024-05-11	Brazil	2024-05-11
hRSV/A/Ecuador/GSB-0219-74/2024|EPI_ISL_19005010|2024-02-21	Ecuador	2024-02-21
hRSV/A/Ecuador/GSB-1811-6899/2024|EPI_ISL_19005015|2024-02-23	Ecuador	2024-02-23
hRSV/A/Ecuador/GSB-1811-6902/2024|EPI_ISL_19005016|2024-02-27	Ecuador	2024-02-27
hRSV/A/Chile/ML-53738/2024|EPI_ISL_19360736|2024-07-06	Chile	2024-07-06
hRSV/A/Chile/MA-54962/2024|EPI_ISL_19360741|2024-07-09	Chile	2024-07-09
hRSV/A/Chile/LI-56116/2024|EPI_ISL_19360742|2024-07-15	Chile	2024-07-15
hRSV/A/Chile/RM-57086/2024|EPI_ISL_19360743|2024-07-19	Chile	2024-07-19
hRSV/A/Chile/LR-49002/2024|EPI_ISL_19360748|2024-06-19	Chile	2024-06-19
hRSV/A/Ecuador/GSB-0219-68/2024|EPI_ISL_18939834|2024-01-30	Ecuador	2024-01-30
hRSV/A/Brazil/AP-IEC-002428/2024|EPI_ISL_18970841|2024-01-11	Brazil	2024-01-11
hRSV/A/Peru/LIM-UPCH-4518/2024|EPI_ISL_19231446|2024-05-07	Peru	2024-05-07
hRSV/A/Peru/LIM-UPCH-4519/2024|EPI_ISL_19231447|2024-05-06	Peru	2024-05-06
hRSV/A/Peru/LIM-UPCH-4520/2024|EPI_ISL_19231448|2024-05-20	Peru	2024-05-20
hRSV/A/Peru/LIM-UPCH-4521/2024|EPI_ISL_19231449|2024-04-29	Peru	2024-04-29
hRSV/A/Brazil/SP-IAL-357514147/2024|EPI_ISL_19232652|2024-02-22	Brazil	2024-02-22
hRSV/A/Brazil/SP-IAL-357583784/2024|EPI_ISL_19232680|2024-03-13	Brazil	2024-03-13
hRSV/A/Brazil/SP-IAL-357655629/2024|EPI_ISL_19232697|2024-04-09	Brazil	2024-04-09
hRSV/A/Argentina/INEI-130/2024|EPI_ISL_19345183|2024-05-15	Argentina	2024-05-15
hRSV/A/Brazil/un-UMC-550102151/2019|EPI_ISL_19049198|2019-06-24	Brazil	2019-06-24
hRSV/A/Brazil/un-UMC-550102116/2019|EPI_ISL_19048788|2019-06-04	Brazil	2019-06-04
hRSV/A/Argentina/BA-HNRG-433/2019|EPI_ISL_15067681|2019-06-06	Argentina	2019-06-06
hRSV/A/Argentina/BA-HNRG-435/2019|EPI_ISL_15067682|2019-06-11	Argentina	2019-06-11
hRSV/A/Argentina/BA-HNRG-440/2019|EPI_ISL_15067686|2019-07-29	Argentina	2019-07-29
hRSV/A/Brazil/un-UMC-550102131/2019|EPI_ISL_19048503|2019-06-11	Brazil	2019-06-11
hRSV/A/Argentina/HNRG-437/2019|EPI_ISL_15055319|2019-06-19	Argentina	2019-06-19
hRSV/A/Argentina/HNRG-441/2019|EPI_ISL_15055322|2019-07-29	Argentina	2019-07-29
hRSV/A/Brazil/un-UMC-550102160/2019|EPI_ISL_19048376|2019-07-03	Brazil	2019-07-03
hRSV/A/Brazil/un-UMC-550102142/2019|EPI_ISL_19048409|2019-06-19	Brazil	2019-06-19
hRSV/A/Brazil/RS-FIOCRUZ-68528/2021|EPI_ISL_15894993|2021-05-27	Brazil	2021-05-27
hRSV/A/Argentina/BA-HNRG-442/2021|EPI_ISL_15067688|2021-05-05	Argentina	2021-05-05
hRSV/A/Argentina/BA-HNRG-452/2021|EPI_ISL_15067691|2021-08-03	Argentina	2021-08-03
hRSV/A/Argentina/HNRG-452/2021|EPI_ISL_15055326|2021-08-03	Argentina	2021-08-03
hRSV/A/Argentina/HNRG-453/2021|EPI_ISL_15055327|2021-08-09	Argentina	2021-08-09
hRSV/A/Brazil/RJ-FIOCRUZ-34518/2020|EPI_ISL_15895129|2020-10-04	Brazil	2020-10-04
hRSV/A/Brazil/RJ-FIOCRUZ-20530/2020|EPI_ISL_15895141|2020-10-22	Brazil	2020-10-22
hRSV/A/Brazil/RS-FIOCRUZ-68558/2021|EPI_ISL_15895007|2021-06-27	Brazil	2021-06-27
hRSV/A/Brazil/RS-FIOCRUZ-68569/2021|EPI_ISL_15895011|2021-07-07	Brazil	2021-07-07
hRSV/A/Brazil/RJ-FIOCRUZ-34997/2020|EPI_ISL_18999148|2020-06-13	Brazil	2020-06-13
hRSV/A/Brazil/RJ-FIOCRUZ-35004/2020|EPI_ISL_18999151|2020-11-10	Brazil	2020-11-10
hRSV/A/Brazil/RJ-FIOCRUZ-35011/2020|EPI_ISL_18999153|2020-12-21	Brazil	2020-12-21
hRSV/A/Brazil/RS-FIOCRUZ-68587/2021|EPI_ISL_15895018|2021-08-04	Brazil	2021-08-04
hRSV/A/Brazil/RS-FIOCRUZ-68649/2021|EPI_ISL_15895053|2021-11-22	Brazil	2021-11-22
hRSV/A/Peru/LIM-UPCH-3994/2023|EPI_ISL_18262238|2023-04-24	Peru	2023-04-24
hRSV/A/Peru/LIM-UPCH-4002/2023|EPI_ISL_18262240|2023-05-04	Peru	2023-05-04
hRSV/A/Brazil/RS-FIOCRUZ-7326/2023|EPI_ISL_18622382|2023-05-04	Brazil	2023-05-04
hRSV/A/Brazil/AL-FIOCRUZ-6109/2023|EPI_ISL_18622395|2023-06-04	Brazil	2023-06-04
hRSV/A/Brazil/AL-FIOCRUZ-7215/2023|EPI_ISL_18622396|2023-06-04	Brazil	2023-06-04
hRSV/A/Brazil/AP-IEC-013016/2023|EPI_ISL_17808730|2023-05-11	Brazil	2023-05-11
hRSV/A/Argentina/PAIS-ELZ-13/2022|EPI_ISL_17951000|2022-06-23	Argentina	2022-06-23
hRSV/A/Brazil/SP-FIOCRUZ-6843/2023|EPI_ISL_18622408|2023-06-14	Brazil	2023-06-14
hRSV/A/Ecuador/GSB-1820-2160/2023|EPI_ISL_18933589|2023-12-21	Ecuador	2023-12-21
hRSV/A/Argentina/PAIS-ELZ-14/2022|EPI_ISL_17951001|2022-06-23	Argentina	2022-06-23
hRSV/A/Argentina/PAIS-HNRG-458/2022|EPI_ISL_17951040|2022-06-15	Argentina	2022-06-15
hRSV/A/Argentina/PAIS-ELZ-1/2022|EPI_ISL_17950996|2022-05-30	Argentina	2022-05-30
hRSV/A/Argentina/PAIS-ELZ-10/2022|EPI_ISL_17950997|2022-06-14	Argentina	2022-06-14
hRSV/A/Peru/LIM-UPCH-4095/2023|EPI_ISL_18913021|2023-04-18	Peru	2023-04-18
hRSV/A/Peru/LIM-UPCH-4103/2023|EPI_ISL_18913024|2023-05-18	Peru	2023-05-18
hRSV/A/Brazil/PR-FIOCRUZ-10715/2022|EPI_ISL_15895102|2022-04-02	Brazil	2022-04-02
hRSV/A/Brazil/PR-FIOCRUZ-10724/2022|EPI_ISL_15895105|2022-04-05	Brazil	2022-04-05
hRSV/A/Brazil/PR-FIOCRUZ-10693/2022|EPI_ISL_15895136|2022-03-17	Brazil	2022-03-17
hRSV/A/Brazil/ES-FIOCRUZ-11434/2022|EPI_ISL_15895089|2022-04-22	Brazil	2022-04-22
hRSV/A/Brazil/ES-FIOCRUZ-11439/2022|EPI_ISL_15895092|2022-04-23	Brazil	2022-04-23
hRSV/A/Peru/LIM-UPCH-4517/2024|EPI_ISL_19231442|2024-05-13	Peru	2024-05-13
hRSV/A/Peru/LIM-UPCH-4547/2024|EPI_ISL_19427434|2024-05-06	Peru	2024-05-06
hRSV/A/Peru/LIM-UPCH-4548/2024|EPI_ISL_19427435|2024-05-13	Peru	2024-05-13
hRSV/A/Peru/LIM-UPCH-4550/2024|EPI_ISL_19427436|2024-05-24	Peru	2024-05-24
hRSV/A/Peru/LIM-UPCH-4551/2024|EPI_ISL_19427437|2024-05-24	Peru	2024-05-24
hRSV/A/Peru/LIM-UPCH-4552/2024|EPI_ISL_19427438|2024-06-06	Peru	2024-06-06
hRSV/A/Peru/LIM-UPCH-4553/2024|EPI_ISL_19427439|2024-06-10	Peru	2024-06-10
hRSV/A/Peru/LIM-UPCH-4554/2024|EPI_ISL_19427440|2024-06-11	Peru	2024-06-11
hRSV/A/Peru/LIM-UPCH-4557/2024|EPI_ISL_19427441|2024-06-18	Peru	2024-06-18
hRSV/A/Peru/LIM-UPCH-4558/2024|EPI_ISL_19427442|2024-06-18	Peru	2024-06-18
hRSV/A/Peru/LIM-UPCH-4559/2024|EPI_ISL_19427443|2024-06-18	Peru	2024-06-18
hRSV/A/Peru/LIM-UPCH-4560/2024|EPI_ISL_19427444|2024-06-18	Peru	2024-06-18
hRSV/A/Peru/LIM-UPCH-4561/2024|EPI_ISL_19427445|2024-06-18	Peru	2024-06-18
hRSV/A/Peru/LIM-UPCH-4577/2024|EPI_ISL_19427446|2024-06-27	Peru	2024-06-27
hRSV/A/Peru/LIM-UPCH-4578/2024|EPI_ISL_19427447|2024-06-28	Peru	2024-06-28
hRSV/A/Peru/LIM-UPCH-4580/2024|EPI_ISL_19427448|2024-07-01	Peru	2024-07-01
hRSV/A/Peru/LIM-UPCH-4581/2024|EPI_ISL_19427449|2024-07-01	Peru	2024-07-01
hRSV/A/Peru/LIM-UPCH-4582/2024|EPI_ISL_19427450|2024-07-01	Peru	2024-07-01
hRSV/A/Peru/LIM-UPCH-4583/2024|EPI_ISL_19427451|2024-07-01	Peru	2024-07-01
hRSV/A/Peru/LIM-UPCH-4584/2024|EPI_ISL_19427452|2024-07-02	Peru	2024-07-02
hRSV/A/Peru/LIM-UPCH-4585/2024|EPI_ISL_19427453|2024-07-02	Peru	2024-07-02
hRSV/A/Peru/LIM-UPCH-4587/2024|EPI_ISL_19427454|2024-07-04	Peru	2024-07-04
hRSV/A/Peru/LIM-UPCH-4588/2024|EPI_ISL_19427455|2024-07-04	Peru	2024-07-04
hRSV/A/Peru/LIM-UPCH-4589/2024|EPI_ISL_19427456|2024-07-04	Peru	2024-07-04
hRSV/A/Peru/LIM-UPCH-4591/2024|EPI_ISL_19427458|2024-07-04	Peru	2024-07-04
hRSV/A/Peru/LIM-UPCH-4607/2024|EPI_ISL_19427459|2024-07-04	Peru	2024-07-04
hRSV/A/Peru/LIM-UPCH-4608/2024|EPI_ISL_19427460|2024-07-04	Peru	2024-07-04
hRSV/A/Peru/LIM-UPCH-4609/2024|EPI_ISL_19427461|2024-07-04	Peru	2024-07-04
hRSV/A/Peru/LIM-UPCH-4610/2024|EPI_ISL_19427462|2024-07-04	Peru	2024-07-04
hRSV/A/Peru/LIM-UPCH-4611/2024|EPI_ISL_19427463|2024-07-05	Peru	2024-07-05
hRSV/A/Peru/LIM-UPCH-4612/2024|EPI_ISL_19427464|2024-07-05	Peru	2024-07-05
hRSV/A/Peru/LIM-UPCH-4614/2024|EPI_ISL_19427465|2024-07-05	Peru	2024-07-05
hRSV/A/Peru/LIM-UPCH-4615/2024|EPI_ISL_19427466|2024-07-05	Peru	2024-07-05
hRSV/A/Peru/LIM-UPCH-4616/2024|EPI_ISL_19427467|2024-07-08	Peru	2024-07-08
hRSV/A/Peru/LIM-UPCH-4617/2024|EPI_ISL_19427468|2024-07-08	Peru	2024-07-08
hRSV/A/Peru/LIM-UPCH-4618/2024|EPI_ISL_19427469|2024-07-08	Peru	2024-07-08
hRSV/A/Peru/LIM-UPCH-4619/2024|EPI_ISL_19427470|2024-07-08	Peru	2024-07-08
hRSV/A/Peru/LIM-UPCH-4621/2024|EPI_ISL_19427472|2024-07-09	Peru	2024-07-09
hRSV/A/Peru/LIM-UPCH-4622/2024|EPI_ISL_19427473|2024-07-09	Peru	2024-07-09
hRSV/A/Peru/LIM-UPCH-4623/2024|EPI_ISL_19427474|2024-07-12	Peru	2024-07-12
hRSV/A/Peru/LIM-UPCH-4624/2024|EPI_ISL_19427475|2024-07-15	Peru	2024-07-15
hRSV/A/Peru/LIM-UPCH-4625/2024|EPI_ISL_19427476|2024-07-15	Peru	2024-07-15
hRSV/A/Peru/LIM-UPCH-4628/2024|EPI_ISL_19427479|2024-07-15	Peru	2024-07-15
hRSV/A/Peru/LIM-UPCH-4629/2024|EPI_ISL_19427480|2024-07-18	Peru	2024-07-18
hRSV/A/Peru/LIM-UPCH-4630/2024|EPI_ISL_19427481|2024-07-18	Peru	2024-07-18
hRSV/A/Peru/LIM-UPCH-4631/2024|EPI_ISL_19427482|2024-07-18	Peru	2024-07-18
hRSV/A/Peru/LIM-UPCH-4632/2024|EPI_ISL_19427483|2024-07-18	Peru	2024-07-18
hRSV/A/Peru/LIM-UPCH-4633/2024|EPI_ISL_19427484|2024-07-19	Peru	2024-07-19
hRSV/A/Peru/LIM-UPCH-4634/2024|EPI_ISL_19427485|2024-07-19	Peru	2024-07-19
hRSV/A/Peru/LIM-UPCH-4635/2024|EPI_ISL_19427486|2024-07-19	Peru	2024-07-19
hRSV/A/Peru/LIM-UPCH-4636/2024|EPI_ISL_19427487|2024-07-19	Peru	2024-07-19
hRSV/A/Peru/LIM-UPCH-4637/2024|EPI_ISL_19427488|2024-07-22	Peru	2024-07-22
hRSV/A/Peru/LIM-UPCH-4638/2024|EPI_ISL_19427489|2024-07-22	Peru	2024-07-22
hRSV/A/Peru/LIM-UPCH-4639/2024|EPI_ISL_19427490|2024-07-22	Peru	2024-07-22
hRSV/A/Peru/LIM-UPCH-4640/2024|EPI_ISL_19427491|2024-07-22	Peru	2024-07-22
hRSV/A/Peru/LIM-UPCH-4641/2024|EPI_ISL_19427492|2024-07-22	Peru	2024-07-22
hRSV/A/Peru/LIM-UPCH-4643/2024|EPI_ISL_19427493|2024-07-25	Peru	2024-07-25
hRSV/A/Peru/LIM-UPCH-4645/2024|EPI_ISL_19427494|2024-07-25	Peru	2024-07-25
hRSV/A/Peru/LIM-UPCH-4646/2024|EPI_ISL_19427495|2024-07-30	Peru	2024-07-30
hRSV/A/Peru/LIM-UPCH-4647/2024|EPI_ISL_19427496|2024-07-30	Peru	2024-07-30
hRSV/A/Peru/LIM-UPCH-4648/2024|EPI_ISL_19427497|2024-07-30	Peru	2024-07-30
hRSV/A/Peru/LIM-UPCH-4649/2024|EPI_ISL_19427498|2024-08-02	Peru	2024-08-02
hRSV/A/Peru/LIM-UPCH-4650/2024|EPI_ISL_19427499|2024-08-19	Peru	2024-08-19
hRSV/A/Peru/LIM-UPCH-4651/2024|EPI_ISL_19427500|2024-08-19	Peru	2024-08-19
hRSV/A/Peru/LIM-UPCH-4654/2024|EPI_ISL_19427501|2024-08-19	Peru	2024-08-19
hRSV/A/Peru/LIM-UPCH-4655/2024|EPI_ISL_19427502|2024-06-20	Peru	2024-06-20
hRSV/A/Peru/LIM-UPCH-4656/2024|EPI_ISL_19427503|2024-07-09	Peru	2024-07-09
hRSV/A/Peru/LIM-UPCH-4657/2024|EPI_ISL_19427504|2024-07-09	Peru	2024-07-09
hRSV/A/Peru/LIM-UPCH-4658/2024|EPI_ISL_19427505|2024-07-25	Peru	2024-07-25
hRSV/A/Peru/LIM-UPCH-4659/2024|EPI_ISL_19462481|2024-05-30	Peru	2024-05-30
hRSV/A/Peru/LIM-UPCH-4660/2024|EPI_ISL_19462482|2024-05-30	Peru	2024-05-30
hRSV/A/Peru/LIM-UPCH-4661/2024|EPI_ISL_19462483|2024-06-03	Peru	2024-06-03
hRSV/A/Peru/LIM-UPCH-4662/2024|EPI_ISL_19462484|2024-06-17	Peru	2024-06-17
hRSV/A/Peru/LIM-UPCH-4663/2024|EPI_ISL_19462485|2024-06-17	Peru	2024-06-17
hRSV/A/Peru/LIM-UPCH-4664/2024|EPI_ISL_19462486|2024-06-17	Peru	2024-06-17
hRSV/A/Peru/LIM-UPCH-4665/2024|EPI_ISL_19462487|2024-06-24	Peru	2024-06-24
hRSV/A/Peru/LIM-UPCH-4666/2024|EPI_ISL_19462488|2024-06-24	Peru	2024-06-24
hRSV/A/Peru/LIM-UPCH-4667/2024|EPI_ISL_19462489|2024-06-24	Peru	2024-06-24
hRSV/A/Peru/LIM-UPCH-4668/2024|EPI_ISL_19462490|2024-06-24	Peru	2024-06-24
hRSV/A/Peru/LIM-UPCH-4670/2024|EPI_ISL_19462491|2024-07-09	Peru	2024-07-09
hRSV/A/Peru/LIM-UPCH-4671/2024|EPI_ISL_19462492|2024-07-11	Peru	2024-07-11
hRSV/A/Peru/LIM-UPCH-4672/2024|EPI_ISL_19462493|2024-07-15	Peru	2024-07-15
hRSV/A/Peru/LIM-UPCH-4674/2024|EPI_ISL_19462494|2024-08-22	Peru	2024-08-22
hRSV/A/Peru/LIM-UPCH-4676/2024|EPI_ISL_19462495|2024-08-26	Peru	2024-08-26
hRSV/A/Peru/LIM-UPCH-4693/2024|EPI_ISL_19462496|2024-08-15	Peru	2024-08-15
hRSV/A/Ecuador/GSB-007/2024|EPI_ISL_18933805|2024-01-05	Ecuador	2024-01-05
hRSV/A/Ecuador/GSB-1820-2221/2024|EPI_ISL_18939830|2024-01-23	Ecuador	2024-01-23
hRSV/A/Ecuador/GSB-1812-7644/2024|EPI_ISL_18939831|2024-01-07	Ecuador	2024-01-07
hRSV/A/Ecuador/GSB-1812-7627/2024|EPI_ISL_18939832|2024-01-12	Ecuador	2024-01-12
hRSV/A/Ecuador/GSB-0219-64/2024|EPI_ISL_18939833|2024-01-07	Ecuador	2024-01-07
hRSV/A/Ecuador/GSB-0219-69/2024|EPI_ISL_19005008|2024-02-01	Ecuador	2024-02-01
hRSV/A/Ecuador/GSB-0421-3712/2024|EPI_ISL_19005011|2024-02-19	Ecuador	2024-02-19
hRSV/A/Ecuador/GSB-1171-1597/2024|EPI_ISL_19005012|2024-02-17	Ecuador	2024-02-17
hRSV/A/Ecuador/GSB-1811-6868/2024|EPI_ISL_19005013|2024-02-07	Ecuador	2024-02-07
hRSV/A/Ecuador/GSB-1811-6876/2024|EPI_ISL_19005014|2024-02-14	Ecuador	2024-02-14
hRSV/A/Ecuador/GSB-1811-6904/2024|EPI_ISL_19005017|2024-02-28	Ecuador	2024-02-28
hRSV/A/Ecuador/GSB-1812-7725/2024|EPI_ISL_19005018|2024-01-30	Ecuador	2024-01-30
hRSV/A/Ecuador/GSB-1820-2249/2024|EPI_ISL_19005019|2024-02-11	Ecuador	2024-02-11
hRSV/A/Ecuador/GSB-1815-1952/2024|EPI_ISL_19078847|2024-03-23	Ecuador	2024-03-23
hRSV/A/Ecuador/GSB-1820-2293/2024|EPI_ISL_19078848|2024-03-02	Ecuador	2024-03-02
hRSV/A/Ecuador/GSB-1811-6921/2024|EPI_ISL_19078849|2024-03-11	Ecuador	2024-03-11
hRSV/A/Ecuador/GSB-1815-1937/2024|EPI_ISL_19078850|2024-02-27	Ecuador	2024-02-27
hRSV/A/Ecuador/GSB-1812-8057/2024|EPI_ISL_19185966|2024-04-10	Ecuador	2024-04-10
hRSV/A/Ecuador/GSB-0421-3749/2024|EPI_ISL_19185967|2024-03-28	Ecuador	2024-03-28
hRSV/A/Ecuador/GSB-0421-3752/2024|EPI_ISL_19185968|2024-04-09	Ecuador	2024-04-09
hRSV/A/Ecuador/GSB-1171-1686/2024|EPI_ISL_19185969|2024-04-04	Ecuador	2024-04-04
hRSV/A/Ecuador/GSB-1171-1701/2024|EPI_ISL_19185970|2024-04-05	Ecuador	2024-04-05
hRSV/A/Ecuador/GSB-1811-6954/2024|EPI_ISL_19185971|2024-04-01	Ecuador	2024-04-01
hRSV/A/Ecuador/GSB-1811-6955/2024|EPI_ISL_19185972|2024-04-01	Ecuador	2024-04-01
hRSV/A/Ecuador/GSB-1812-7972/2024|EPI_ISL_19185973|2024-04-05	Ecuador	2024-04-05
hRSV/A/Ecuador/GSB-1812-7994/2024|EPI_ISL_19185974|2024-04-11	Ecuador	2024-04-11
hRSV/A/Ecuador/GSB-1812-7997/2024|EPI_ISL_19185975|2024-04-11	Ecuador	2024-04-11
hRSV/A/Ecuador/GSB-1812-8011/2024|EPI_ISL_19185976|2024-04-10	Ecuador	2024-04-10
hRSV/A/Ecuador/GSB-1813-2639/2024|EPI_ISL_19185977|2024-04-10	Ecuador	2024-04-10
hRSV/A/Ecuador/GSB-1820-2341/2024|EPI_ISL_19185978|2024-04-02	Ecuador	2024-04-02
hRSV/A/Ecuador/GSB-1812-8073/2024|EPI_ISL_19233034|2024-05-03	Ecuador	2024-05-03
hRSV/A/Ecuador/GSB-1811-7044/2024|EPI_ISL_19233035|2024-05-23	Ecuador	2024-05-23
hRSV/A/Ecuador/GSB-1812-8069/2024|EPI_ISL_19233036|2024-05-03	Ecuador	2024-05-03
hRSV/A/Ecuador/GSB-1812-8070/2024|EPI_ISL_19233037|2024-05-03	Ecuador	2024-05-03
hRSV/A/Ecuador/GSB-1811-7021/2024|EPI_ISL_19233038|2024-05-17	Ecuador	2024-05-17
