strain,country,date
hRSV/A/Peru/LIM-UPCH-4347/2024|EPI_ISL_19173807|2024-04-01,Peru,2024-04-01
hRSV/A/Peru/LIM-UPCH-4517/2024|EPI_ISL_19231442|2024-05-13,Peru,2024-05-13
hRSV/A/Peru/LIM-UPCH-4518/2024|EPI_ISL_19231446|2024-05-07,Peru,2024-05-07
hRSV/A/Peru/LIM-UPCH-4519/2024|EPI_ISL_19231447|2024-05-06,Peru,2024-05-06
hRSV/A/Peru/LIM-UPCH-4520/2024|EPI_ISL_19231448|2024-05-20,Peru,2024-05-20
hRSV/A/Peru/LIM-UPCH-4521/2024|EPI_ISL_19231449|2024-04-29,Peru,2024-04-29
hRSV/A/Peru/LIM-UPCH-4547/2024|EPI_ISL_19427434|2024-05-06,Peru,2024-05-06
hRSV/A/Peru/LIM-UPCH-4548/2024|EPI_ISL_19427435|2024-05-13,Peru,2024-05-13
hRSV/A/Peru/LIM-UPCH-4550/2024|EPI_ISL_19427436|2024-05-24,Peru,2024-05-24
hRSV/A/Peru/LIM-UPCH-4551/2024|EPI_ISL_19427437|2024-05-24,Peru,2024-05-24
hRSV/A/Peru/LIM-UPCH-4552/2024|EPI_ISL_19427438|2024-06-06,Peru,2024-06-06
hRSV/A/Peru/LIM-UPCH-4553/2024|EPI_ISL_19427439|2024-06-10,Peru,2024-06-10
hRSV/A/Peru/LIM-UPCH-4554/2024|EPI_ISL_19427440|2024-06-11,Peru,2024-06-11
hRSV/A/Peru/LIM-UPCH-4557/2024|EPI_ISL_19427441|2024-06-18,Peru,2024-06-18
hRSV/A/Peru/LIM-UPCH-4558/2024|EPI_ISL_19427442|2024-06-18,Peru,2024-06-18
hRSV/A/Peru/LIM-UPCH-4559/2024|EPI_ISL_19427443|2024-06-18,Peru,2024-06-18
hRSV/A/Peru/LIM-UPCH-4560/2024|EPI_ISL_19427444|2024-06-18,Peru,2024-06-18
hRSV/A/Peru/LIM-UPCH-4561/2024|EPI_ISL_19427445|2024-06-18,Peru,2024-06-18
hRSV/A/Peru/LIM-UPCH-4577/2024|EPI_ISL_19427446|2024-06-27,Peru,2024-06-27
hRSV/A/Peru/LIM-UPCH-4578/2024|EPI_ISL_19427447|2024-06-28,Peru,2024-06-28
hRSV/A/Peru/LIM-UPCH-4580/2024|EPI_ISL_19427448|2024-07-01,Peru,2024-07-01
hRSV/A/Peru/LIM-UPCH-4581/2024|EPI_ISL_19427449|2024-07-01,Peru,2024-07-01
hRSV/A/Peru/LIM-UPCH-4582/2024|EPI_ISL_19427450|2024-07-01,Peru,2024-07-01
hRSV/A/Peru/LIM-UPCH-4583/2024|EPI_ISL_19427451|2024-07-01,Peru,2024-07-01
hRSV/A/Peru/LIM-UPCH-4584/2024|EPI_ISL_19427452|2024-07-02,Peru,2024-07-02
hRSV/A/Peru/LIM-UPCH-4585/2024|EPI_ISL_19427453|2024-07-02,Peru,2024-07-02
hRSV/A/Peru/LIM-UPCH-4587/2024|EPI_ISL_19427454|2024-07-04,Peru,2024-07-04
hRSV/A/Peru/LIM-UPCH-4588/2024|EPI_ISL_19427455|2024-07-04,Peru,2024-07-04
hRSV/A/Peru/LIM-UPCH-4589/2024|EPI_ISL_19427456|2024-07-04,Peru,2024-07-04
hRSV/A/Peru/LIM-UPCH-4591/2024|EPI_ISL_19427458|2024-07-04,Peru,2024-07-04
hRSV/A/Peru/LIM-UPCH-4607/2024|EPI_ISL_19427459|2024-07-04,Peru,2024-07-04
hRSV/A/Peru/LIM-UPCH-4608/2024|EPI_ISL_19427460|2024-07-04,Peru,2024-07-04
hRSV/A/Peru/LIM-UPCH-4609/2024|EPI_ISL_19427461|2024-07-04,Peru,2024-07-04
hRSV/A/Peru/LIM-UPCH-4610/2024|EPI_ISL_19427462|2024-07-04,Peru,2024-07-04
hRSV/A/Peru/LIM-UPCH-4611/2024|EPI_ISL_19427463|2024-07-05,Peru,2024-07-05
hRSV/A/Peru/LIM-UPCH-4612/2024|EPI_ISL_19427464|2024-07-05,Peru,2024-07-05
hRSV/A/Peru/LIM-UPCH-4614/2024|EPI_ISL_19427465|2024-07-05,Peru,2024-07-05
hRSV/A/Peru/LIM-UPCH-4615/2024|EPI_ISL_19427466|2024-07-05,Peru,2024-07-05
hRSV/A/Peru/LIM-UPCH-4616/2024|EPI_ISL_19427467|2024-07-08,Peru,2024-07-08
hRSV/A/Peru/LIM-UPCH-4617/2024|EPI_ISL_19427468|2024-07-08,Peru,2024-07-08
hRSV/A/Peru/LIM-UPCH-4618/2024|EPI_ISL_19427469|2024-07-08,Peru,2024-07-08
hRSV/A/Peru/LIM-UPCH-4619/2024|EPI_ISL_19427470|2024-07-08,Peru,2024-07-08
hRSV/A/Peru/LIM-UPCH-4621/2024|EPI_ISL_19427472|2024-07-09,Peru,2024-07-09
hRSV/A/Peru/LIM-UPCH-4622/2024|EPI_ISL_19427473|2024-07-09,Peru,2024-07-09
hRSV/A/Peru/LIM-UPCH-4623/2024|EPI_ISL_19427474|2024-07-12,Peru,2024-07-12
hRSV/A/Peru/LIM-UPCH-4624/2024|EPI_ISL_19427475|2024-07-15,Peru,2024-07-15
hRSV/A/Peru/LIM-UPCH-4625/2024|EPI_ISL_19427476|2024-07-15,Peru,2024-07-15
hRSV/A/Peru/LIM-UPCH-4628/2024|EPI_ISL_19427479|2024-07-15,Peru,2024-07-15
hRSV/A/Peru/LIM-UPCH-4629/2024|EPI_ISL_19427480|2024-07-18,Peru,2024-07-18
hRSV/A/Peru/LIM-UPCH-4630/2024|EPI_ISL_19427481|2024-07-18,Peru,2024-07-18
hRSV/A/Peru/LIM-UPCH-4631/2024|EPI_ISL_19427482|2024-07-18,Peru,2024-07-18
hRSV/A/Peru/LIM-UPCH-4632/2024|EPI_ISL_19427483|2024-07-18,Peru,2024-07-18
hRSV/A/Peru/LIM-UPCH-4633/2024|EPI_ISL_19427484|2024-07-19,Peru,2024-07-19
hRSV/A/Peru/LIM-UPCH-4634/2024|EPI_ISL_19427485|2024-07-19,Peru,2024-07-19
hRSV/A/Peru/LIM-UPCH-4635/2024|EPI_ISL_19427486|2024-07-19,Peru,2024-07-19
hRSV/A/Peru/LIM-UPCH-4636/2024|EPI_ISL_19427487|2024-07-19,Peru,2024-07-19
hRSV/A/Peru/LIM-UPCH-4637/2024|EPI_ISL_19427488|2024-07-22,Peru,2024-07-22
hRSV/A/Peru/LIM-UPCH-4638/2024|EPI_ISL_19427489|2024-07-22,Peru,2024-07-22
hRSV/A/Peru/LIM-UPCH-4639/2024|EPI_ISL_19427490|2024-07-22,Peru,2024-07-22
hRSV/A/Peru/LIM-UPCH-4640/2024|EPI_ISL_19427491|2024-07-22,Peru,2024-07-22
hRSV/A/Peru/LIM-UPCH-4641/2024|EPI_ISL_19427492|2024-07-22,Peru,2024-07-22
hRSV/A/Peru/LIM-UPCH-4643/2024|EPI_ISL_19427493|2024-07-25,Peru,2024-07-25
hRSV/A/Peru/LIM-UPCH-4645/2024|EPI_ISL_19427494|2024-07-25,Peru,2024-07-25
hRSV/A/Peru/LIM-UPCH-4646/2024|EPI_ISL_19427495|2024-07-30,Peru,2024-07-30
hRSV/A/Peru/LIM-UPCH-4647/2024|EPI_ISL_19427496|2024-07-30,Peru,2024-07-30
hRSV/A/Peru/LIM-UPCH-4648/2024|EPI_ISL_19427497|2024-07-30,Peru,2024-07-30
hRSV/A/Peru/LIM-UPCH-4649/2024|EPI_ISL_19427498|2024-08-02,Peru,2024-08-02
hRSV/A/Peru/LIM-UPCH-4650/2024|EPI_ISL_19427499|2024-08-19,Peru,2024-08-19
hRSV/A/Peru/LIM-UPCH-4651/2024|EPI_ISL_19427500|2024-08-19,Peru,2024-08-19
hRSV/A/Peru/LIM-UPCH-4654/2024|EPI_ISL_19427501|2024-08-19,Peru,2024-08-19
hRSV/A/Peru/LIM-UPCH-4655/2024|EPI_ISL_19427502|2024-06-20,Peru,2024-06-20
hRSV/A/Peru/LIM-UPCH-4656/2024|EPI_ISL_19427503|2024-07-09,Peru,2024-07-09
hRSV/A/Peru/LIM-UPCH-4657/2024|EPI_ISL_19427504|2024-07-09,Peru,2024-07-09
hRSV/A/Peru/LIM-UPCH-4658/2024|EPI_ISL_19427505|2024-07-25,Peru,2024-07-25
hRSV/A/Peru/LIM-UPCH-4659/2024|EPI_ISL_19462481|2024-05-30,Peru,2024-05-30
hRSV/A/Peru/LIM-UPCH-4660/2024|EPI_ISL_19462482|2024-05-30,Peru,2024-05-30
hRSV/A/Peru/LIM-UPCH-4661/2024|EPI_ISL_19462483|2024-06-03,Peru,2024-06-03
hRSV/A/Peru/LIM-UPCH-4662/2024|EPI_ISL_19462484|2024-06-17,Peru,2024-06-17
hRSV/A/Peru/LIM-UPCH-4663/2024|EPI_ISL_19462485|2024-06-17,Peru,2024-06-17
hRSV/A/Peru/LIM-UPCH-4664/2024|EPI_ISL_19462486|2024-06-17,Peru,2024-06-17
hRSV/A/Peru/LIM-UPCH-4665/2024|EPI_ISL_19462487|2024-06-24,Peru,2024-06-24
hRSV/A/Peru/LIM-UPCH-4666/2024|EPI_ISL_19462488|2024-06-24,Peru,2024-06-24
hRSV/A/Peru/LIM-UPCH-4667/2024|EPI_ISL_19462489|2024-06-24,Peru,2024-06-24
hRSV/A/Peru/LIM-UPCH-4668/2024|EPI_ISL_19462490|2024-06-24,Peru,2024-06-24
hRSV/A/Peru/LIM-UPCH-4670/2024|EPI_ISL_19462491|2024-07-09,Peru,2024-07-09
hRSV/A/Peru/LIM-UPCH-4671/2024|EPI_ISL_19462492|2024-07-11,Peru,2024-07-11
hRSV/A/Peru/LIM-UPCH-4672/2024|EPI_ISL_19462493|2024-07-15,Peru,2024-07-15
hRSV/A/Peru/LIM-UPCH-4674/2024|EPI_ISL_19462494|2024-08-22,Peru,2024-08-22
hRSV/A/Peru/LIM-UPCH-4676/2024|EPI_ISL_19462495|2024-08-26,Peru,2024-08-26
hRSV/A/Peru/LIM-UPCH-4693/2024|EPI_ISL_19462496|2024-08-15,Peru,2024-08-15
